广州谐同电子科技有限公司,一号馆A区,"1A01,1A02"
武汉孚安特科技有限公司,一号馆A区,"1A03,1A04"
常熟立凯威宝源电池科技有限公司,一号馆A区,"1A05,1A06"
深圳市威迪信科技有限公司,一号馆A区,1A07
菏泽天宇锂电能源科技有限公司；菏泽天信新材料科技有限公司,一号馆A区,"1A08,1A09,1A10"
常州市宇峰电源有限公司,一号馆A区,"1A101,1A102"
力佳电源科技(深圳)股份有限公司,一号馆A区,"1A104,1A103"
中核建中核燃料元件有限公司,一号馆A区,"1A105,1A106"
FMC Corporation,一号馆A区,"1A107,1A108,1A109"
深圳市赛美达电子有限公司,一号馆A区,1A11
上海森村贸易有限公司,一号馆A区,1A110
CSA加华美,一号馆A区,1A111
布劳恩惰性气体系统(上海)有限公司,一号馆A区,1A112
迪恩士电子科技（上海）有限公司,一号馆A区,1A113
香港富奇德弘科技有限公司,一号馆A区,1A114
无锡市百事杰金属制品科技有限公司,一号馆A区,"1A115,1A116"
深圳市中业恒通科技有限公司,一号馆A区,1A117
承德科技股份有限公司,一号馆A区,1A118
重光化工有限公司,一号馆A区,1A119
山西中科忻能科技有限公司,一号馆A区,1A12
赛默飞世尔科技(中国)有限公司,一号馆A区,1A120
美塞斯(珠海保税区)工业自动化设备有限公司,一号馆A区,"1A121,1A122"
青岛大青精工有限公司,一号馆A区,"1A123,1A124"
深圳市昭佑科技有限公司,一号馆A区,1A125
庄信万丰电池材料（常州）有限公司,一号馆A区,1A126
"CIS CO., LTD",一号馆A区,"1A127,1A128"
元峻有限公司,一号馆A区,1A129
上海金动港能源科技有限公司,一号馆A区,1A13
贝克牌气泵设备（上海）有限公司,一号馆A区,1A130
微觉视检测技术(苏州)有限公司,一号馆A区,1A131
NDC Technologies Inc,一号馆A区,1A132
"YJC CO.,LTD",一号馆A区,"1A133,1A134"
"Yujin Technology., Ltd",一号馆A区,1A135
"Ecopro Co., Ltd.",一号馆A区,1A136
"Samdo Press Cp., Ltd.",一号馆A区,1A137
"CS Tech. Co., Ltd.",一号馆A区,"1A138,1A139"
诺士达盛特电子（上海）有限公司,一号馆A区,1A14
"ETH CO., LTD",一号馆A区,"1A140,1A141"
"Techland, Inc.",一号馆A区,1A142
KBIA,一号馆A区,1A143
MK Electron,一号馆A区,1A144
Myoungsung Machinery,一号馆A区,"1A145,1A146"
无锡广圣自动化设备有限公司 ,一号馆A区,"1A147,1A148"
河源铁研电子科技有限公司,一号馆A区,"1A149,1A150"
深圳市国新动力科技有限公司,一号馆A区,1A15
上海荷迪思湿度控制设备有限公司,一号馆A区,"1A151,1A152"
江门市荣炭电子材料有限公司,一号馆A区,1A153
达尼特材料科技(芜湖)有限公司,一号馆A区,"1A154,1A155"
前瞻能源科技股份有限公司,一号馆A区,1A156
川田机械制造(上海)有限公司,一号馆A区,"1A157,1A158"
埃地沃兹贸易(上海)有限公司,一号馆A区,1A159
苏州威星能源科技有限公司,一号馆A区,1A16
德国新帕泰克有限公司,一号馆A区,1A160
珠海欧美克仪器有限公司,一号馆A区,"1A161,1A162"
亚智系统科技(苏州)有限公司,一号馆A区,"1A163,1A164"
蒂森克虏伯汽车系统技术（上海）有限公司,一号馆A区,"1A165,1A166"
常熟聚和化学有限公司,一号馆A区,1A167
东扬精测系统(上海)有限公司,一号馆A区,1A168
广州保税区易威奇工贸有限公司,一号馆A区,"1A169,1A170"
深圳市创乐方电子科技有限公司,一号馆A区,"1A17,1A18"
阿科玛(中国)投资有限公司上海分公司,一号馆A区,"1A171,1A172"
旭精机工业株式会社,一号馆A区,1A173
JSR株式会社,一号馆A区,"1A174,1A175"
JM Energy Corporation,一号馆A区,1A176
电气化学工业(上海)贸易有限公司,一号馆A区,"1A177,1A178"
上海外电国际贸易有限公司,一号馆A区,"1A179,1A180"
锰动力新能源有限公司,一号馆A区,1A181
迪卡龙集团,一号馆A区,"1A182,1A183"
三菱制纸株式会社,一号馆A区,1A184
库力索法（上海）国际贸易有限公司,一号馆A区,1A185
广州长濑贸易有限公司,一号馆A区,1A186
Grenzebach Maschinenbau GmbH,一号馆A区,"1A187,1A188"
德国瀚辉公司上海代表处,一号馆A区,"1A189,1A190"
深圳市山木新能源科技股份有限公司,一号馆A区,1A19
英国马尔文仪器有限公司,一号馆A区,"1A191,1A192"
北京朗正智能科技有限公司,一号馆A区,1A193
深圳市力源电池科技有限公司,一号馆A区,1A194
杭州高特新能源技术有限公司,一号馆A区,1A195
AeroVironment Inc,一号馆A区,1A196
杭州海湖实业有限公司,一号馆A区,"1A197,1A198"
爱立许集团（中国）有限公司,一号馆A区,1A199
大昌华嘉商业（中国）有限公司,一号馆A区,1A20
安徽科比电子科技有限公司,一号馆A区,1A200
"BLACK DIAMOND STRUCTURES.,LLC",一号馆A区,1A201
Nabaltec AG,一号馆A区,1A202
郑州瑞能电气有限公司,一号馆A区,1A203
厦门宝龙工业股份有限公司,一号馆A区,1A21
淄博齐盛新能源科技有限公司,一号馆A区,1A22
惠州市森洪科技有限公司,一号馆A区,1A23
广州番禺恒昌金属制品厂,一号馆A区,1A24
山东泰一新能源科技有限公司,一号馆A区,1A25
嘉兴市万事通电池有限公司,一号馆A区,1A26
河南比得力高新能源科技有限公司,一号馆A区,"1A28,1A27"
苏州工业园区精电电子有限公司,一号馆A区,1A29
深圳市创腾达精密五金科技有限公司,一号馆A区,1A30
浙江金开来新能源科技有限公司,一号馆A区,1A31
济南伊赛电子科技有限公司,一号馆A区,1A32
惠州市惠德瑞锂电科技股份有限公司,一号馆A区,1A33
天津普兰纳米科技有限公司,一号馆A区,1A34
安徽来福电子科技有限公司,一号馆A区,1A35
裕质能科技(深圳)有限公司,一号馆A区,1A36
广州市精研贸易有限公司,一号馆A区,1A37
湖南中大安孚新能源技术有限公司,一号馆A区,1A38
广州邦禾检测技术有限公司,一号馆A区,"1A39,1A40"
昆山地爱引特电子科技有限公司,一号馆A区,1A41
东莞市联鼎电子科技有限公司,一号馆A区,"1A42,1A43"
上海灼日精细化工有限公司,一号馆A区,"1A44,1A45"
中山市坤辰电池制造有限公司,一号馆A区,1A46
PYROPHOBIC SYSTEMS LTD,一号馆A区,1A47
中山欧力工业有限公司,一号馆A区,"1A48,1A49"
南皮县东升电气有限公司,一号馆A区,1A50
广州市荔湾托普仪器有限公司,一号馆A区,1A51
广州市君盘实业股份有限公司,一号馆A区,"1A52,1A53"
江苏启力锻压机床有限公司,一号馆A区,"1A54,1A55"
深圳市麦迪瑞科技有限公司,一号馆A区,1A56
莱州联友金浩新型材料有限公司,一号馆A区,1A57
深圳诺测检测技术有限公司,一号馆A区,1A58
深圳市聚力优科技有限公司,一号馆A区,1A59
深圳市鑫宇铭电子科技有限公司,一号馆A区,1A60
广东检验检疫局检验检疫技术中心,一号馆A区,1A61
深圳市凯斯莱新能源有限公司,一号馆A区,"1A62,1A63"
江苏三杰新能源有限公司,一号馆A区,"1A64,1A65"
南宁迈世信息技术有限公司,一号馆A区,1A66
广州市镭诺智能技术有限公司,一号馆A区,1A67
深圳市雷诺智能技术有限公司,一号馆A区,1A68
山西德益科技有限公司,一号馆A区,1A69
F.LLI MARIS S.P.A.,一号馆A区,1A70
淄博火炬能源有限责任公司,一号馆A区,1A71
HESSE ASIA LIMITED,一号馆A区,"1A72,1A73"
福建博瑞特电机有限公司,一号馆A区,1A74
上海捷力能源技术有限公司,一号馆A区,"1A75,1A76"
上海光起电子设备有限公司,一号馆A区,"1A78,1A77"
浩亭（珠海）贸易有限公司,一号馆A区,"1A79,1A80"
广州威瑞斯实业有限公司,一号馆A区,1A81
深圳市谱尼测试科技有限公司,一号馆A区,"1A82,1A83"
深圳好电科技有限公司,一号馆A区,"1A84,1A85"
武汉瀚兴日月电源有限公司,一号馆A区,1A86
上海华颂实业有限公司,一号馆A区,1A87
名添科技（深圳）有限公司,一号馆A区,1A88
佛山市兆能电池实业有限公司,一号馆A区,1A89
深圳市麦格松电气科技有限公司,一号馆A区,1A90
安阳金钟新能源有限公司,一号馆A区,1A91
惠州市普瑞杰自动化科技有限公司,一号馆A区,1A92
武汉胜蓝电子科技有限公司,一号馆A区,1A93
深圳市新宏科电源科技有限公司,一号馆A区,1A94
佛山市南海区欣源电子有限公司，内蒙古欣源石墨烯科技有限公司,一号馆A区,"1A95,1A96"
深圳市力通威电子科技有限公司,一号馆A区,"1A98,1A97"
北京柯林柯尔科技发展有限公司,一号馆A区,"1A99,1A100"
吕特格（上海）贸易有限公司,一号馆A区,1AT01
索尔维,一号馆A区,1AT02
南德认证检测（中国）有限公司深圳分公司,一号馆A区,1AT03
深圳市永兴业精密机械模具有限公司,一号馆A区,1AT04
西门子(中国)有限公司,一号馆A区,1AT05
上海谱莱密克司机械有限公司,一号馆A区,1AT06
浙江钱江锂电科技有限公司,一号馆A区,1AT07
山东圣阳电源股份有限公司,一号馆A区,1AT08
双登集团股份有限公司,一号馆A区,1AT09
江苏海四达电源股份有限公司,一号馆A区,1AT10
深圳市智锂能源科技有限公司,一号馆A区,1AT100
广州柒玖能源科技有限公司,一号馆A区,1AT101
明美集团（广州梁氏通讯电器有限公司）,一号馆A区,1AT102
卧龙电气集团浙江灯塔电源有限公司,一号馆A区,1AT103
深圳市北测检测技术有限公司,一号馆A区,1AT104
深圳市鑫永丰科技有限公司,一号馆A区,1AT105
浙江佳贝思绿色能源有限公司,一号馆A区,1AT106
维达力实业（深圳）有限公司,一号馆A区,1AT107
深圳市艾博尔新能源有限公司,一号馆A区,1AT108
合肥国轩高科动力能源有限公司,一号馆A区,1AT109
广东猛狮新能源科技股份有限公司,一号馆A区,1AT11
深圳市盛弘电气股份有限公司,一号馆A区,1AT110
电池中国网,一号馆A区,1AT111
东莞力朗电池科技有限公司,一号馆A区,1AT112
江西赛特新能源科技有限公司,一号馆A区,1AT113
宁波中车新能源科技有限公司,一号馆A区,1AT114
江苏索尔新能源科技股份有限公司,一号馆A区,1AT115
广东精毅科技股份有限公司,一号馆A区,1AT116
武汉力兴(火炬)电源有限公司,一号馆A区,1AT12
天奈(镇江)材料科技有限公司,一号馆A区,1AT13
常州市龙鑫化工机械有限公司,一号馆A区,1AT14
CELGARD,一号馆A区,1AT15
Groz-Beckert KG,一号馆A区,1AT16-1
Jonas & Redmann Photovoltaics Production Solutions GmbH,一号馆A区,1AT16-2
HTTM LLC. Inc.(H&T Battery Components c/o;H&T Marsberg GmbH&Co.KG) ,一号馆A区,1AT16-3
BR?CKNER Maschinenbau GmbH & Co. KG,一号馆A区,1AT16-4
SCHUNK GmbH & Co. KG,一号馆A区,1AT16-5
KROENERT GmbH & Co. KG,一号馆A区,1AT17-1
Litarion GmbH,一号馆A区,1AT17-2
Treofan Germany GmbH & Co. KG,一号馆A区,1AT17-3
F & K Delvotec Bondtechnik GmbH(Strama-MPS Maschinenbau GmbH&Co.KG),一号馆A区,1AT17-4
Siemens AG,一号馆A区,1AT17-5
Viscom AG,一号馆A区,1AT17-6
EL-CELL GmbH,一号馆A区,1AT17-7
Germany Trade and Invest GmbH,一号馆A区,1AT18
NETZSCH-Feinmahltechnik GmbH,一号馆A区,1AT18-1
Solar Promotion GmbH,一号馆A区,1AT18-2
Pfeiffer Vacuum GmbH,一号馆A区,1AT18-3
Oerlikon Leybold Vacuum GmbH,一号馆A区,1AT18-4
IMG Investitions- und Marketinggesellschaft Sachsen-Anhalt mbH,一号馆A区,1AT18-5
SGL Carbon GmbH,一号馆A区,1AT18-6
风帆股份有限公司,一号馆A区,1AT19
惠州亿纬锂能股份有限公司,一号馆A区,1AT20
天津力神电池股份有限公司,一号馆A区,1AT21
中国电子科技集团第十八研究所,一号馆A区,1AT22
欣旺达电子股份有限公司,一号馆A区,1AT23-1
广东新会中集特种运输设备有限公司,一号馆A区,1AT23-2
深圳市科陆电子科技股份有限公司,一号馆A区,1AT24
株式会社吴羽,一号馆A区,1AT29
山东玉皇新能源科技有限公司,一号馆A区,1AT32
深圳理士奥电源技术有限公司,一号馆A区,1AT33
湖南德沃普电气股份有限公司,一号馆A区,1AT34
深圳普益电池科技有限公司,一号馆A区,1AT35
诺信塑料工程系统（上海）有限公司,一号馆A区,1AT36
富士机械工业株式会社,一号馆A区,1AT37
日本瑞翁株式会社,一号馆A区,1AT38
洛克伍德锂业(上海)有限公司,一号馆A区,1AT39
深圳市旭冉电子有限公司,一号馆A区,1AT40
台塑货运（宁波）有限公司,一号馆A区,1AT40-1
美卡诺有限公司,一号馆A区,1AT41
上海中兴派能能源科技有限公司,一号馆A区,1AT42
北京索英电气技术有限公司,一号馆A区,1AT43-1
深圳市华宝新能源有限公司,一号馆A区,1AT43-2
哈尔滨光宇集团股份有限公司,一号馆A区,1AT44
武汉昊诚能源科技有限公司,一号馆A区,1AT45
深圳普瑞赛思检测技术有限公司,一号馆A区,1AT46
河南锂动电源有限公司,一号馆A区,1AT47
Kanematsu KGK Corp.,一号馆A区,1AT49
河北钢中锂能电池有限公司,一号馆A区,1AT50
厦门宝瑞天成锂电科技有限公司,一号馆A区,1AT51
河南新太行电源有限公司,一号馆A区,1AT52
中天储能科技有限公司,一号馆A区,1AT53
河南环宇赛尔新能源科技有限公司,一号馆A区,1AT54
万向A一二三系统有限公司,一号馆A区,"1AT55,1AT56"
骆驼集团股份有限公司,一号馆A区,1AT57
上海航天电源技术有限责任公司,一号馆A区,1AT58
湖北德普电气股份有限公司,一号馆A区,1AT59
布勒(无锡)商业有限公司,一号馆A区,1AT61
安徽天康（集团）股份有限公司,一号馆A区,1AT62
东莞市魔方新能源科技有限公司,一号馆A区,1AT63
浙江南都电源动力股份有限公司,一号馆A区,1AT64
中航锂电(洛阳)有限公司,一号馆A区,1AT65
中聚(杭州)新能源科技有限公司,一号馆A区,1AT66
波士顿电池,一号馆A区,1AT67
河南惠强新能源材料科技有限公司、武汉惠强新能源材料科技有限公司,一号馆A区,1AT68
山东裴森动力新能源有限公司,一号馆A区,1AT69
浙江谷神能源科技股份有限公司,一号馆A区,1AT70
实联长宜淮安科技有限公司,一号馆A区,1AT71
上海德朗能动力电池有限公司,一号馆A区,1AT72-1
赛恩斯能源科技有限公司,一号馆A区,1AT72-2
深圳市超思维电子股份有限公司,一号馆A区,1AT75
四川长虹电源有限责任公司,一号馆A区,1AT76
上海米开罗那机电技术有限公司,一号馆A区,1AT77
深圳博磊达新能源科技有限公司,一号馆A区,1AT78
山东中信迪生电源有限公司,一号馆A区,1AT79
深圳市泰力废旧电池回收技术有限公司,一号馆A区,1AT80
山东精工电子科技有限公司,一号馆A区,1AT81
江苏天鹏电源有限公司,一号馆A区,1AT82
NEC能源元器件(吴江)有限公司,一号馆A区,1AT83
惠州市蓝微新源技术有限公司,一号馆A区,1AT84-1
深圳天邦达科技有限公司,一号馆A区,1AT84-2
东莞市煜信恩电池科技有限公司,一号馆A区,1AT85
欧赛新能源科技有限公司,一号馆A区,1AT86
安徽亿诺新能源有限责任公司,一号馆A区,1AT87
湖南耐普恩科技有限公司,一号馆A区,1AT88
湖南桑顿新能源有限公司,一号馆A区,1AT89
深圳市雄韬电源科技股份有限公司,一号馆A区,1AT90
江苏天合储能有限公司,一号馆A区,1AT91
山东恒宇新能源有限公司,一号馆A区,1AT92
江西南鹰电源科技有限公司,一号馆A区,1AT93
横店集团东磁股份有限公司,一号馆A区,1AT94
广东凯德能源科技有限公司,一号馆A区,1AT95
深圳子木科技有限公司,一号馆A区,1AT96
杭州天丰电源股份有限公司,一号馆A区,1AT97-1
优科能源（漳州）有限公司,一号馆A区,1AT97-2
北京大华电子集团,一号馆A区,1AT98
空天科技有限公司,一号馆A区,1AT99
福建星云电子股份有限公司,一号馆B区,1BT01
武汉千里马电源机械制造有限公司,一号馆B区,1BT02
佛山市金银河智能装备股份有限公司,一号馆B区,1BT03
北京七星华创电子股份有限公司,一号馆B区,1BT04
深圳市浩能科技有限公司,一号馆B区,1BT05
深圳市深远大科技有限公司,一号馆B区,1BT06
深圳市舜源自动化科技有限公司,一号馆B区,1BT07
邵阳市达力电源实业有限公司/深圳市达力旺达科技有限公司,一号馆B区,1BT08
邢台海裕锂能电池设备有限公司,一号馆B区,1BT09
广州蓝奇电子实业有限公司,一号馆B区,1BT10
深圳市新威尔电子有限公司,一号馆B区,1BT11
深圳市兴诚捷精密设备有限公司,一号馆B区,1BT12
深圳市新嘉拓自动化技术有限公司,一号馆B区,1BT13
深圳吉阳智云科技有限公司,一号馆B区,1BT14
邢台纳科诺尔精轧科技股份有限公司,一号馆B区,1BT15
深圳市康正轧辊设备有限公司,一号馆B区,1BT16
东莞市雅康精密机械有限公司,一号馆B区,1BT17
广东鸿宝科技有限公司,一号馆B区,1BT18
深圳市海目星激光科技有限公司,一号馆B区,1BT19
深圳市善营自动化股份有限公司,一号馆B区,1BT20
上海陆达包装机械制造有限公司,一号馆B区,"1BT21,1BT22"
东莞市鹏锦机械科技有限公司/东莞市方尊机电科技有限公司,一号馆B区,1BT23
深圳市恒翼能科技有限公司,一号馆B区,1BT24
深圳市优利美科技有限公司,一号馆B区,1BT25
无锡奥特维科技股份有限公司,一号馆B区,1BT26
东莞市科锐机电设备有限公司,一号馆B区,1BT27
深圳市誉嘉电池设备有限公司,一号馆B区,1BT28
深圳市赢合科技股份有限公司,一号馆B区,1BT29
东莞市新宇机械有限公司,一号馆B区,1BT30
东莞市佳的自动化设备科技有限公司,一号馆B区,1BT31
深圳市信宇人科技有限公司,一号馆B区,1BT32
深圳市今天国际物流技术股份有限公司,一号馆B区,1BT33
爱斯佩克环境仪器(上海)有限公司,一号馆B区,1BT34
中山市达兴塑料电器有限公司,二号馆,"2D01,2D02"
东莞市万普电子有限公司,二号馆,"2D03,2D04"
上海柯马兹电子有限公司,二号馆,"2D05,2D06"
上海昕良不锈钢管业有限公司,二号馆,2D07
北京丰禾集团/北京丰禾耐火材料有限公司/上海荷爱国际商贸中心,二号馆,"2D08,2D09"
常熟市常吉化工有限公司,二号馆,2D10
深圳市上扬绝缘材料有限公司,二号馆,2D100
青岛新正锂业有限公司,二号馆,2D101
上海翠科化工科技有限公司,二号馆,2D102
惠州龙为科技有限公司,二号馆,2D103
天津中能锂业有限公司,二号馆,2D104
新乡市旭日电源材料有限公司,二号馆,"2D105,2D106"
东营市海科新源化工有限责任公司,二号馆,2D107
上海中锂实业有限公司,二号馆,"2D108,2D109"
亚洲碳素股份有限公司,二号馆,"2D110,2D111,2D112"
江西省金锂科技股份有限公司,二号馆,"2D115,2D116"
深圳市鑫欣源五金电子有限公司,二号馆,2D117
江西东鹏新材料有限责任公司,二号馆,"2D118,2D119"
佛山市三水山摩无机材料有限公司,二号馆,"2D12,2D11"
宁波市镇海众诚磁业发展有限公司,二号馆,2D120
云林塑胶(深圳)有限公司,二号馆,2D121
上海漠泉新材料科技有限公司（东莞漠泉新材料科技有限公司）,二号馆,2D122
九江德福电子材料有限公司,二号馆,"2D124,2D123"
山东瑞福锂业有限公司,二号馆,2D125
深圳市海美瑞科技有限公司,二号馆,2D126
东莞市金卡本电池材料有限公司,二号馆,2D127
海川电子有限公司,二号馆,2D128
深圳市创天科电子有限公司,二号馆,2D129
营口航盛科技实业有限责任公司,二号馆,"2D130,2D131"
营口博田材料科技有限公司,二号馆,2D132
中化蓝天集团有限公司,二号馆,"2D134,2D133"
苏州弗莱明磁力技术有限公司,二号馆,"2D14,2D13"
上海康鹏科技有限公司,二号馆,2D141
北京丕丕丕电子商务有限公司,二号馆,"2D142,2D143"
郑州瑞普新材料工程有限公司,二号馆,2D144
DIC株式会社,二号馆,2D145
常州市艾迈斯电子有限公司,二号馆,2D146
石家庄市众帮包装材料有限公司,二号馆,2D147
东莞市君奥连接器有限公司,二号馆,2D148
安徽省天长市金鹏电子有限公司,二号馆,2D149
浙江中科立德新材料有限公司,二号馆,2D15
佛山市佛诺斯除铁机械设备有限公司,二号馆,2D150
深圳英士高材料科技有限公司,二号馆,2D151
扬州中天利新材料股份有限公司,二号馆,2D152
惠州市新豪源发展有限公司,二号馆,2D153
广州金凯新材料有限公司,二号馆,"2D154,2D155"
上海安固强能源科技发展有限公司,二号馆,"2D156,2D157"
湖北塑金复合材料有限责任公司,二号馆,2D158
POLE,二号馆,"2D159,2D160"
厦门鑫化宏新材料有限公司,二号馆,2D16
天美（中国）科学仪器有限公司,二号馆,2D161
厦门拓氟化工材料有限公司,二号馆,2D162
深圳久喜电子有限公司,二号馆,2D163
日本黑铅工业株式会社,二号馆,2D164
宁波金和锂电材料有限公司,二号馆,"2D165,2D166"
佛山市东航光电科技有限公司,二号馆,"2D17,2D18"
德阳威旭锂电科技有限责任公司,二号馆,2D19
佛山市宇竞科技有限公司,二号馆,2D20
苏州天裕塑胶有限公司,二号馆,2D21
宁波亚特磁业有限公司,二号馆,2D22
郑州广源铝业有限公司,二号馆,2D23
湖南永盛新材料股份有限公司,二号馆,"2D24,2D25"
浙江湖磨抛光磨具制造有限公司,二号馆,2D26
广西南南铝箔有限责任公司,二号馆,2D27
湖北百杰瑞新材料股份有限公司,二号馆,2D28
惠州友恒实业有限公司,二号馆,2D29
宁波墨西科技有限公司,二号馆,"2D31,2D30"
温州市贝知宝制管有限公司,二号馆,2D32
迈奇化学股份有限公司,二号馆,2D33
四川兴晟锂业有限责任公司,二号馆,"2D34,2D35"
湖南汇通科技有限责任公司,二号馆,2D36
湖南信达新材料有限公司,二号馆,2D37
昆山卓胜电子材料有限公司,二号馆,2D38
浙江瓦力新能源科技有限公司,二号馆,2D39
中国科学院成都有机化学有限公司,二号馆,"2D40,2D41"
湖南东洋利德材料科技有限公司,二号馆,"2D42,2D43"
无锡市东杨新材料股份有限公司,二号馆,"2D45,2D44"
扬州宝珠电器有限公司,二号馆,2D46
惠州市新卡邦电池材料有限公司,二号馆,2D47
深圳市赛斯达五金有限公司,二号馆,2D48
上海微聚电子科技有限公司,二号馆,2D49
广州安的电子技术有限公司,二号馆,2D50
深圳芯盈电子有限公司,二号馆,2D51
陕西恒达创惠新能源材料科技有限公司,二号馆,2D52
深圳市金润能源有限公司,二号馆,2D53
深圳市大赛科技有限公司,二号馆,2D54
湖北华联耐火材料有限公司,二号馆,2D55
娄底安地亚斯电子陶瓷有限公司,二号馆,2D56
东莞市华炜塑胶制品有限公司,二号馆,2D57
浙江中泽电气有限公司,二号馆,"2D58,2D59"
宜兴市前锦特陶科技有限公司,二号馆,2D60
江苏前锦炉业设备有限公公司,二号馆,2D61
中材科技膜材料公司,二号馆,"2D64,2D63,2D62"
深圳市鑫越新材料科技有限公司,二号馆,"2D66,2D65"
中山国安火炬科技发展有限公司,二号馆,"2D67,2D68"
北京极太电器有限公司,二号馆,2D69
德韦尔工业材料（上海）有限公司,二号馆,2D70
广东捷进化工有限公司,二号馆,"2D72,2D71"
无锡中经金属粉末有限公司,二号馆,2D73
深圳市金瑞电子材料有限公司,二号馆,2D74
上海帕晶电子有限公司,二号馆,2D75
深圳市泰能新材料有限公司,二号馆,"2D76,2D77"
滨州裕能化工有限公司,二号馆,2D78
安徽壹石通材料科技股份有限公司,二号馆,2D79
东莞市南泰高分子材料有限公司,二号馆,"2D80,2D81"
深圳市鑫东达科技有限公司,二号馆,2D82
卓越石墨有限公司,二号馆,2D83
东莞市方恩电子材料科技有限公司,二号馆,2D84
江阴市瑞鸿电子有限公司,二号馆,2D85
宁波耐普磁业有限公司,二号馆,2D86
惠州市海龙模具塑料制品有限公司,二号馆,2D87
安平县安盛丝网制品有限公司,二号馆,2D88
肇庆市高要区鸿力金属制品厂,二号馆,2D89
宁波西磁磁业发展股份有限公司,二号馆,"2D90,2D91"
惠特精密器件(上海)有限公司,二号馆,2D92
连云港申元电子科技有限公司,二号馆,"2D93,2D94"
上海盛永国际贸易有限公司,二号馆,"2D95,2D96,2D113,2D114"
上海世龙科技有限公司,二号馆,2D97
江西赣锋锂业股份有限公司,二号馆,"2D98,2D99"
湖北九邦新能源科技有限公司,二号馆,2T01
无锡华盈锂能新材有限公司,二号馆,2T02
大连宏光锂业股份有限公司,二号馆,2T03
江西星分子材料科技股份有限公司,二号馆,2T04
深圳市纳米港有限公司,二号馆,2T05
河南福森新能源科技有限公司,二号馆,2T05-1
上海昭远国际贸易有限公司,二号馆,2T06
河南科隆新能源股份有限公司 ,二号馆,2T07
北京当升材料科技股份有限公司,二号馆,2T08
新乡市远东电子科技股份有限公司,二号馆,2T09
成都中科来方能源科技有限公司,二号馆,2T10
江苏安瑞达新材料有限公司,二号馆,2T11
四川兴能新材料有限公司,二号馆,2T12
无锡东恒新能源科技有限公司,二号馆,2T13
深圳新宙邦科技股份有限公司,二号馆,2T14
深圳市翔丰华科技有限公司,二号馆,2T15
天津巴莫科技股份有限公司,二号馆,2T16
天津金牛电源材料有限责任公司,二号馆,2T17
广州天赐高新材料股份有限公司,二号馆,2T18
安徽科达洁能新材料有限公司,二号馆,2T19
江苏清陶能源科技有限公司,二号馆,2T20
东莞市澳中电子材料有限公司,二号馆,2T21
广州鸿森材料有限公司,二号馆,2T22
鸿纳(东莞)新材料科技有限公司,二号馆,2T23-1
北大先行科技产业有限公司,二号馆,2T23-2
江门市优美科长信新材料有限公司,二号馆,2T24-1
青岛昊鑫新能源科技有限公司,二号馆,2T24-2
上海汇平化工有限公司,二号馆,2T25
河南华瑞高新材料科技股份有限公司,二号馆,2T26
杭州长凯能源科技有限公司,二号馆,2T27
佛山市盈博莱科技股份有限公司,二号馆,2T28
深圳市德方纳米科技股份有限公司,二号馆,2T29
新乡天力锂能股份有限公司,二号馆,2T30
佛山市金辉高科光电材料有限公司,二号馆,2T31
湛江市聚鑫新能源有限公司,二号馆,2T32
广东安德力新材料有限公司,二号馆,2T32-1
湖州创亚动力电池材料有限公司,二号馆,2T33
益瑞石石墨和碳公司,二号馆,2T34-1
上海海逸科贸有限公司,二号馆,2T34-2
长沙格翎电池材料有限公司,二号馆,2T35
珠海市赛纬电子材料股份有限公司,二号馆,2T36
深圳市瑞富特科技有限公司,二号馆,2T37
新乡市盛达电源科技有限公司,二号馆,2T38
河南中平瀚博新能源有限责任公司 ,二号馆,2T39
深圳市斯诺实业发展股份有限公司,二号馆,2T40
东莞市深泓实业有限公司,二号馆,2T41
亚什兰（中国）投资有限公司,二号馆,2T42
沧州明珠塑料股份有限公司,二号馆,2T43
辽源鸿图锂电隔膜科技股份有限公司,二号馆,2T44
厦门钨业股份有限公司,二号馆,2T45
四川天齐锂业股份有限公司,二号馆,2T46
新乡市正元科技电源材料有限公司,二号馆,2T47
深圳市冠力新材料有限公司,二号馆,2T48
大连伊科能源科技有限公司,二号馆,2T49
成都芝田高分子材料有限公司,二号馆,2T50
北京蓝海黑石科技有限公司,二号馆,2T51
贵州安达科技能源股份有限公司,二号馆,2T52
湖南中锂新材料有限公司,二号馆,2T53
广东宏昌化学工业有限公司,二号馆,2T54
江苏远航精密合金科技股份有限公司,二号馆,2T55
佛山市顺德区永创翔亿电子材料有限公司,二号馆,2T56
深圳中兴创新材料技术有限公司,二号馆,2T57
新乡市中科科技有限公司,二号馆,2T58
汕头市金光高科有限公司,二号馆,2T59
江苏鼎胜新能源材料股份有限公司,二号馆,2T60
福建清景铜箔有限公司,二号馆,2T61
苏州炬鸿通讯电脑科技有限公司,二号馆,2T62
昭和电工管理(上海)有限公司,二号馆,2T63
科德宝.宝翎无纺布（苏州）有限公司,二号馆,2T64
湖南星城石墨科技股份有限公司,二号馆,2T65
上海紫江新材料科技有限公司,二号馆,2T66
山东海容电源材料有限公司,二号馆,2T67
深圳市星源材质科技股份有限公司,二号馆,2T68
旭成（福建）科技股份有限公司,二号馆,2T69
湖北天鸿耐火材料有限公司,二号馆,2T70
北京化学试剂研究所,二号馆,2T71
天津东皋膜技术有限公司,二号馆,2T72
天津通一新能源科技有限公司,二号馆,2T73
四川国润新材料有限公司,二号馆,2T74
天津锦美碳材科技发展有限公司,二号馆,2T75
新乡市博瑞达电源材料有限公司,二号馆,2T76
金驰能源材料有限公司/湖南长远锂科有限公司,二号馆,2T77
惠州集越纳米材料技术有限责任公司,二号馆,2T78
深圳市三顺中科新材料有限公司,二号馆,2T79
重庆云天化纽米科技股份有限公司,二号馆,2T80
上海鑫墨实业有限公司,六号馆,6.00E+01
江苏春兰进出口有限公司,六号馆,"6E03,6E02"
日东工器省力机器贸易（上海）有限公司,六号馆,6.00E+04
宣城晶瑞新材料有限公司,六号馆,6.00E+05
天原集团——云南天力煤化有限公司,六号馆,6.00E+06
盐山赛普锐电子材料有限公司,六号馆,6.00E+07
奥宇石墨集团有限公司,六号馆,6.00E+08
济宁市无界科技有限公司,六号馆,"6E09,6E10"
安平县凯安金属丝网有限公司,六号馆,6.00E+100
上海励润复合材料有限公司,六号馆,6.00E+101
深圳市亚陆行新能源材料有限公司,六号馆,6.00E+102
常州市万宇电子陶瓷有限公司,六号馆,6.00E+103
深圳市思玛泰克科技有限公司,六号馆,6.00E+104
泉州市华冠塑胶制品有限公司/福建省泉州鲤城志盛橡塑制品有限公司,六号馆,6.00E+105
鹤岗华信科技有限公司,六号馆,6.00E+106
张家港能瓷材料科技有限公司,六号馆,6.00E+107
宜兴市广翔合金材料有限公司,六号馆,"6E108,6E109"
浙江虹达特种橡胶制品有限公司,六号馆,"6E11,6E12"
湖南升华科技股份有限公司,六号馆,"6E110,6E111"
优视科(上海)商贸有限公司,六号馆,"6E112,6E113"
青岛岩海碳材料有限公司,六号馆,6.00E+114
江苏国泰超威新材料有限公司,六号馆,6.00E+115
嘉善印生网络科技有限公司（绿车网） ,六号馆,6.00E+116
第一电动网,六号馆,6.00E+117
《工业粉体处理设备》杂志---华人粉体网,六号馆,6.00E+118
《电池采购》、《工业电池》杂志,六号馆,6.00E+119
广州市华南新能源研究院,六号馆,6.00E+120
GTRADE S'PARE PTE.LTD,六号馆,6.00E+13
电动汽车资源网,六号馆,6.00E+130
上海动力储能电池系统工程技术有限公司,六号馆,6.00E+131
新乡市鑫明德机械有限公司,六号馆,6.00E+132
中国电池联盟,六号馆,6.00E+133
中国电池网,六号馆,"6E134,6E135"
中国化学与物理电源行业协会储能应用分会,六号馆,6.00E+136
盖世汽车,六号馆,6.00E+137
现代储能网,六号馆,6.00E+138
广东九九华立新材料股份有限公司,六号馆,6.00E+139
深圳市旭达兴五金机械有限公司,六号馆,6.00E+14
深圳市科列技术股份有限公司,六号馆,"6E140,6E141"
上海诚懋化学有限公司,六号馆,"6E142,6E143"
焦点科技股份有限公司（中国制造网),六号馆,"6E144,6E145"
电源技术,六号馆,6.00E+146
SOLITH of SOVEMA SPA,六号馆,6.00E+147
克拉维斯（南京）材料科技有限公司,六号馆,6.00E+148
杭州蓝然环境技术有限公司,六号馆,6.00E+149
泉州市一鸣交通电器有限公司,六号馆,6.00E+15
深圳市寻材问料网络科技有限公司,六号馆,6.00E+150
深圳市今日快递广告策划有限公司,六号馆,6.00E+156
《动力电池》杂志社 动力电池网,六号馆,6.00E+157
天津市艾森广告有限公司,六号馆,"6E158,6E159"
成都顿威新型金属材料有限公司,六号馆,6.00E+16
深圳市来源新材料科技有限公司,六号馆,6.00E+160
山东国瓷鑫美宇氧化铝有限公司/山东国瓷功能材料股份有限公司,六号馆,"6E162,6E161"
上海鑫椤网络科技有限公司,六号馆,6.00E+163
南昌市尚明科技有限公司,六号馆,6.00E+164
富技开弥国际贸易(上海)有限公司,六号馆,"6E165,6E166,6E167"
天津优量锂能科技有限公司,六号馆,6.00E+168
深圳市陆海高分子材料有限公司,六号馆,6.00E+169
深圳华普通用科技有限公司,六号馆,6.00E+17
武珍,六号馆,"6E170,6E171"
飞狮,六号馆,"6E173,6E172"
深圳安华远东进出口有限公司,六号馆,6.00E+174
"GLATFELTER Gernsbach GmbH,Composite Business Unit",六号馆,6.00E+175
尚志精密化学股份有限公司,六号馆,6.00E+176
SYRAH RESOURCES LTD,六号馆,"6E177,6E178"
安徽卓越新能源材料有限公司,六号馆,"6E18,6E19"
广州市万真信息科技有限公司,六号馆,6.00E+188
厦门凯纳石墨烯技术股份有限公司,六号馆,6.00E+189
深圳市金俊业电子有限公司,六号馆,6.00E+190
深圳侨云科技股份有限公司,六号馆,6.00E+191
深圳盖瑞五金塑胶有限公司,六号馆,6.00E+192
苏州诺威特测控科技有限公司 ,六号馆,6.00E+193
深圳市启极新能源科技有限公司,六号馆,6.00E+194
锋桦传动设备（上海）有限公司,六号馆,6.00E+195
台山市伟龙电子电器有限公司,六号馆,6.00E+196
南昌威斯克纳米科技有限公司,六号馆,6.00E+197
三河平恩康汽车技术有限公司,六号馆,6.00E+198
松唐（上海）科技有限公司,六号馆,6.00E+199
洲际传媒,六号馆,"6E20,6E21"
基伊埃,六号馆,6.00E+200
深圳鼎问科技有限公司,六号馆,6.00E+201
南京金合能源材料有限公司,六号馆,6.00E+202
镇江智联德科技有限公司,六号馆,6.00E+203
常州力马干燥科技有限公司,六号馆,"6E204,6E205"
深圳市互联港湾网络技术有限公司,六号馆,6.00E+22
深圳市万鑫博网络信息技术有限公司,六号馆,6.00E+23
CECMOL 第四届中国国际电子烟渠道、分销、消费者体验展览会,六号馆,6.00E+24
深圳市捷泽科技有限公司,六号馆,6.00E+25
杭州广拓网络科技有限公司,六号馆,6.00E+26
深圳空港传媒发展有限公司,六号馆,6.00E+27
深圳市快聘通科技有限公司（电池猎头网）,六号馆,6.00E+28
沈阳亮剑传媒广告有限公司,六号馆,6.00E+29
Shmuel De-Leon Energy,六号馆,6.00E+30
浙江普莱恩包装有限公司,六号馆,6.00E+31
中源协（天津）网络技术开发有限公司,六号馆,6.00E+32
乌兰察布市大盛石墨新材料股份有限公司,六号馆,"6E33,6E34"
辽宁诺科碳材料有限公司,六号馆,"6E35,6E36"
江苏源翔合金材料科技有限公司,六号馆,"6E37,6E38"
吴江益邦新复合材料有限公司,六号馆,6.00E+39
四川蓝剑化工（集团）有限责任公司,六号馆,6.00E+40
深圳市达俊宏科技开发有限公司,六号馆,6.00E+41
宜兴市锋源电子科技有限公司,六号馆,6.00E+42
泉州市丰泽雅志电池机械设备有限公司,六号馆,6.00E+43
深圳市硕田科技有限公司,六号馆,6.00E+44
宜兴市惠能电子材料有限公司,六号馆,"6E45,6E46"
苏州锂盾储能材料技术有限公司,六号馆,6.00E+47
江苏腾方新能源科技有限公司,六号馆,6.00E+48
宁波英特维新材料有限公司,六号馆,6.00E+49
三惠国际贸易深圳有限公司,六号馆,6.00E+50
普利特精密塑胶模具有限公司,六号馆,6.00E+51
湖南利德电子浆料股份有限公司,六号馆,6.00E+52
阿泽雷斯国际贸易（上海）有限公司,六号馆,6.00E+53
"DONG-IL ALUMINIUM CO.,LTD",六号馆,"6E54,6E55"
"GLT Co.,Ltd",六号馆,"6E56,6E57"
"DAK Korea Co.,Ltd",六号馆,"6E58,6E59,6E60"
重庆东登科技有限公司,六号馆,6.00E+61
大连义邦科技有限公司,六号馆,6.00E+62
天津锦泰勤业精密电子有限公司,六号馆,6.00E+63
千翊电子科技(东莞)有限公司,六号馆,"6E64,6E65"
诺克尔过滤（苏州）有限公司,六号馆,6.00E+66
江西先材纳米纤维科技有限公司,六号馆,6.00E+67
北京创导工业陶瓷有限公司,六号馆,6.00E+68
临沂市利兴化工有限公司,六号馆,6.00E+69
岩谷产业（中国）,六号馆,"6E70,6E71"
开封市测控技术有限公司,六号馆,6.00E+72
安泰科技股份有限公司,六号馆,6.00E+73
深圳市中工巨能科技有限公司,六号馆,6.00E+74
连云港海创电子科技有限公司,六号馆,6.00E+75
江阴市裕峰电子有限公司,六号馆,6.00E+76
廊坊纳博化学技术有限公司,六号馆,6.00E+77
世航国际货运代理股份有限公司,六号馆,6.00E+78
深圳友联绿能科技有限公司,六号馆,6.00E+79
江苏鸿蒙精密机械有限公司,六号馆,6.00E+80
可乐丽国际贸易(上海)有限公司,六号馆,6.00E+81
深圳市瑞芯动力科技有限公司,六号馆,6.00E+82
上海备盈倍安全系统设备有限公司,六号馆,6.00E+83
日轻投资管理（上海）有限公司,六号馆,6.00E+84
番禺南沙殷田化工有限公司,六号馆,"6E85,6E86"
湖南德施普惠生物医药科技有限公司,六号馆,"6E88,6E87"
常州中碳新材料科技有限公司,六号馆,6.00E+89
东莞市硅翔绝缘材料有限公司,六号馆,"6E90,6E91"
河北善鑫泰瑞电池科技有限公司,六号馆,6.00E+92
汉高投资（中国）有限公司,六号馆,"6E93,6E94"
苏州富鼎商贸有限公司东莞分公司,六号馆,6.00E+95
诸暨帕瓦新能源有限公司,六号馆,6.00E+96
山东省莘县华阳实业有限公司,六号馆,6.00E+97
葫芦岛市坤芫石化有限公司,六号馆,6.00E+98
宜春金晖化工股份有限公司,六号馆,6.00E+99
内蒙古三信实业有限公司,六号馆,6T01
无锡市博力合金科技有限公司,六号馆,6T02
珠海市新维焊接器材有限公司,六号馆,6T03
佛山市高科基础铝业有限公司,六号馆,6T06
无锡中鼎物流设备有限公司,六号馆,6T07
道明光学股份有限公司,六号馆,6T08
明冠新材料股份有限公司,六号馆,6T11
深圳市文壹科技有限公司/佛山佛塑科技集团股份有限公司,六号馆,6T12
广州柏励司研磨介质有限公司,六号馆,6T13
香河昆仑化学制品有限公司,六号馆,6T14
南京年达炉业科技有限公司,六号馆,6T15
石家庄圣泰化工有限公司,六号馆,6T16
西安物华新能源科技有限公司,六号馆,6T17
中国电子科技集团公司第四十八研究所,六号馆,6T18
中山松德新材料装备有限公司,六号馆,6T19
"L&F Co., Ltd.",六号馆,6T20
江苏连连化学股份有限公司,六号馆,6T21
青海恒信融锂业科技有限公司,六号馆,6T22
山东信敏惠化工集团有限公司/山东庆云长信化学科技有限公司,六号馆,6T23
江阴市科盛机械有限公司,六号馆,6T24-1
浙江海得新能源有限公司,六号馆,6T25
上海建茂应用材料有限公司,六号馆,6T26
新纶复合材料科技（常州）有限公司,六号馆,"6T28,6T29"
山东石大胜华化工集团股份有限公司,六号馆,6T30
江苏盛达环保设备有限公司,六号馆,6T31
深圳市广源智能设备有限公司,六号馆,6T32
诺德投资股份有限公司,六号馆,6T33
优科新能源科技有限公司,六号馆,6T34
深圳市美信电子有限公司,六号馆,6T35
南通亨利锂电新材料有限公司,六号馆,6T37
朝阳立塬新能源有限公司,六号馆,6T38
东莞市骏贸五金机电有限公司,七号馆,7G01
深圳周氏胶辊有限公司,七号馆,7G02
上海幸义超声技术有限公司,七号馆,"7G04,7G03"
湖南清河重工机械有限公司,七号馆,"7G06,7G05"
深圳市鸿瑞传感仪器有限公司,七号馆,7G07
东莞市威立特焊接设备有限公司,七号馆,7G08
NGK（苏州）精细陶瓷器具有限公司,七号馆,"7G10,7G09"
北京创思威克真空技术有限公司,七号馆,7G100
深圳比斯特自动化设备有限公司,七号馆,"7G102,7G101"
上海睦铭机电科技有限公司,七号馆,7G103
广州思肯德电子测量设备有限公司,七号馆,"7G104,7G105"
上海儒特机电设备有限公司,七号馆,"7G12,7G11"
广州力鼎电子科技有限公司,七号馆,"7G124,7G125"
广州雪霸专用设备有限公司,七号馆,7G126
常州市先导干燥设备有限公司,七号馆,7G127
天津中环电炉股份有限公司,七号馆,7G128
东莞市精鼎自动化设备科技有限公司,七号馆,"7G129,7G130"
陕西中电华星窑炉设备有限公司,七号馆,7G13
珠海市美尔达自动化设备有限公司,七号馆,"7G132,7G131"
珠海欧伯特测探技术有限公司,七号馆,7G133
佛山市高明星源机械有限公司,七号馆,"7G152,7G153,7G154"
绵阳流能粉体设备有限公司,七号馆,"7G155,7G156"
东莞利迅动力科技有限公司,七号馆,"7G157,7G158"
深圳市爱速客自动化设备有限公司,七号馆,7G159
深圳市三本机械有限公司,七号馆,"7G16,7G15,7G14"
武汉市蓝电电子股份有限公司,七号馆,"7G161,7G160"
佛山市枫莱尔自动化技术有限公司,七号馆,"7G17,7G18"
常熟市威尔博电子设备有限公司,七号馆,7G180
日置(上海)商贸有限公司,七号馆,7G181
普乐锐思（北京）电子技术有限公司,七号馆,7G182
南通麦克斯威尔机电设备有限公司,七号馆,"7G183,7G184"
上海汉钟精机股份有限公司,七号馆,"7G186,7G185"
佛山市盟思拉伸机械有限公司,七号馆,7G187
深圳市亚科源电气有限公司,七号馆,"7G189,7G188"
上海露意仪器仪表有限公司,七号馆,7G19
无锡新而立机械设备有限公司,七号馆,7G20
广州市凯斯科技有限公司,七号馆,7G21
江苏维尔炉业有限公司,七号馆,"7G23,7G22"
四川巨子超微科技有限公司,七号馆,7G24
广州市泓建通风设备制造有限公司,七号馆,7G25
东莞市钇伸自动化机械设备有限公司,七号馆,"7G27,7G26"
合肥华运机械制造有限公司,七号馆,7G28
东莞致宏精密模具有限公司,七号馆,7G29
杭州杜特过滤器有限公司,七号馆,7G30
南通拓新传送设备有限公司,七号馆,7G31
广东风华高新科技股份有限公司,七号馆,7G32
苏州兮然工业设备有限公司,七号馆,7G33
沈阳纪维应用技术有限公司,七号馆,7G34
基恩士（中国）有限公司,七号馆,7G35
深圳市百耐信科技有限公司,七号馆,"7G37,7G36"
长沙诺天电子科技有限公司,七号馆,7G38
深圳市铭锐祥自动化设备有限公司,七号馆,7G39
淄博启明星新材料有限公司,七号馆,7G40
嘉兴市和意自动化控制有限公司,七号馆,"7G42,7G41"
福州福光电子有限公司,七号馆,7G43
北京汉通达科技有限公司,七号馆,7G44
厦门精恒新自动化科技有限公司,七号馆,7G45
广州新龙浩工业设备有限公司,七号馆,7G46
威格气体纯化科技（苏州）股份有限公司,七号馆,"7G48,7G47"
潍坊正远粉体工程设备有限公司,七号馆,7G49
沈阳飞机研究所粉体（工程）公司,七号馆,7G50
深圳市嘉智诚机电科技有限公司,七号馆,"7G53,7G52,7G51"
深圳市科力纳米工程设备有限公司,七号馆,"7G54,7G55,7G56"
西安迅湃快速充电技术有限公司,七号馆,"7G58,7G57"
东莞市湘锂机械科技有限公司,七号馆,"7G59,7G60"
北京瑞驰拓维科技有限公司,七号馆,7G61
咸阳华友新能源窑炉设备有限公司,七号馆,7G62
长兴金润大正机械有限公司,七号馆,7G68
东莞市日信钢模配件有限公司,七号馆,7G69
慈溪市赛思德环保科技有限公司,七号馆,7G70
英福康（广州）真空仪器有限公司,七号馆,"7G72,7G71"
北京恒天科力科技发展有限公司,七号馆,7G73
佛山市高明冠宇机械厂有限公司,七号馆,"7G75,7G74"
佛山市昱森自动化科技有限公司,七号馆,"7G77,7G76"
奥瑞克(苏州)精密测量系统有限公司,七号馆,"7G97,7G96"
上海韵鼎国际贸易有限公司,七号馆,"7G99,7G98"
江苏先锋干燥工程有限公司,七号馆,7T01
昆山善思光电科技有限公司,七号馆,7T02
东莞市品诺机械设备有限公司,七号馆,7T03
罗普伺达机器人(上海)有限公司,七号馆,7T04
亚德客（中国）有限公司,七号馆,7T05
深圳市海得地实业有限公司,七号馆,7T06
东莞市三缘自动化科技有限公司,七号馆,7T07-1
能泰电源测试设备(深圳)有限公司,七号馆,7T07-2
东莞市互赢能源科技有限公司（江西一诺设备）,七号馆,7T08
烟台创为新能源科技有限公司,七号馆,7T09
杭州捷瑞空气处理设备有限公司,七号馆,7T10
苏州新思气体系统有限公司,七号馆,7T11
深圳市泰合盛机械设备有限公司,七号馆,7T12
上海云懋空气处理设备有限公司,七号馆,7T13
深圳市铂纳特斯自动化科技有限公司,七号馆,7T14
武汉市楚源光电有限公司,七号馆,7T15
广东立佳实业有限公司,七号馆,7T16
江苏万基干燥工程有限公司,七号馆,7T17-1
深圳市镭煜科技有限公司,七号馆,7T17-2
深圳市欣美驰机电设备有限公司,七号馆,7T18
江苏苏净集团有限公司,七号馆,7T19
上海湿腾有限公司,七号馆,7T20
上海波创电气有限公司,七号馆,7T21-1
苏州汇科机电设备有限公司,七号馆,7T21-2
广东派勒智能纳米科技股份有限公司,七号馆,7T22
上海世赫机电设备有限公司,七号馆,7T23
东莞希思克传动科技有限公司,七号馆,7T24-1
东莞市台工电子科技机械科技有限公司,七号馆,7T24-2
东莞市众志检测仪器有限公司,七号馆,7T25
合肥恒力电子装备公司,七号馆,7T26
深圳市叁星飞荣机械有限公司,七号馆,7T27-1
无锡博靓特空气处理设备有限公司  ,七号馆,7T27-2
东莞市万盈机械有限公司,七号馆,7T28-1
深圳市泽诚自动化设备有限公司,七号馆,7T28-2
深圳市创卓为科技有限公司,七号馆,7T29
上海昭宏自动化机械有限公司,七号馆,7T30
深圳市启高自动化设备有限公司,七号馆,7T31-1
艾明坷科技（北京）有限公司,七号馆,7T31-2
深圳市深发源精密科技有限公司,七号馆,7T32-1
深圳市众迈科技有限公司,七号馆,7T32-2
南京天加空调设备有限公司,七号馆,7T33
宁波江北九木激光设备有限公司,七号馆,7T34
凯斯力流体工程技术（上海）有限公司,八号馆,"8H01,8H02"
湖北行星传动设备有限公司,八号馆,"8H03,8H04"
南京鼎尔特科技有限公司,八号馆,8H05
无锡市禾明干燥设备有限公司,八号馆,8H06
长沙天创粉体技术有限公司,八号馆,8H07
深圳市森威自动化设备科技有限公司,八号馆,8H08
成都一通密封股份有限公司,八号馆,8H09
深圳市保益新能电气有限公司,八号馆,8H10
常州恒诚富士特干燥设备有限公司,八号馆,"8H103,8H104"
济南润之科技有限公司,八号馆,8H105
无锡市晨飞自动化设备有限公司,八号馆,8H106
东莞市惠源机械科技有限公司,八号馆,8H107
长沙米淇仪器设备有限公司,八号馆,8H108
上海高鹏真空设备有限公司,八号馆,8H109
广东莱伯通试验设备有限公司,八号馆,"8H11,8H12"
昕荣机械,八号馆,8H110
北京中础窑炉设备制造有限责任公司,八号馆,8H111
陕西固勤材料技术有限公司,八号馆,8H112
广州捷达莱堡通用设备有限公司,八号馆,"8H113,8H114"
佛山高砂工业窑炉有限公司,八号馆,"8H116,8H115"
伊特克斯惰性气体系统(北京)有限公司,八号馆,8H117
宝鸡百胜精密机械制造有限公司,八号馆,8H118
青岛锐捷智能仪器有限公司,八号馆,8H119
深圳市深成科技有限公司,八号馆,"8H120,8H121"
马鞍山市欧林机械设备有限公司,八号馆,"8H122,8H123"
深圳市杰美康机电有限公司,八号馆,"8H124,8H125"
余语匣钵株式会社,八号馆,8H126
萨克米(常熟)机械设备有限公司,八号馆,"8H127,8H128"
东莞市大路通真空设备制造有限公司,八号馆,"8H129,8H130"
安徽博为光电科技有限公司,八号馆,8H13
浙江创为真空设备有限公司,八号馆,8H131
深圳卓创传动科技有限公司,八号馆,"8H132,8H133"
潍坊市精华粉体工程设备有限公司,八号馆,"8H134,8H135"
青岛栗林机械设备有限公司,八号馆,8H136
苏州东昇机电科技有限公司,八号馆,8H137
深圳市华普森科技有限公司,八号馆,8H138
深圳市创优自动化设备有限公司,八号馆,8H139
舒勒贸易（上海）有限公司,八号馆,8H14
东莞市威政机电科技有限公司,八号馆,8H140
重庆编福科技有限公司,八号馆,8H141
日新基贸易（深圳）有限公司,八号馆,8H142
广州市奥众风机设备有限公司,八号馆,"8H143,8H144"
深圳市友利特精密机械制造有限公司,八号馆,8H145
武汉置威环保工程有限公司,八号馆,8H146
广东科硕机械科技股份有限公司,八号馆,8H147
广州市净联不锈钢设备有限公司,八号馆,8H148
广州市锐恩自动化设备有限公司,八号馆,8H149
"CENOTEC CO.,LTD",八号馆,"8H15,8H16"
复纳科学仪器(上海)有限公司,八号馆,8H150
深圳市思博威激光科技有限公司,八号馆,8H151
深圳市瑞速科技有限公司,八号馆,8H152
惠州市园方电池设备有限公司,八号馆,"8H154,8H167,8H168,8H153"
东莞市泽源机械有限公司,八号馆,"8H155,8H156,8H169,8H170"
天津润澍机械有限公司,八号馆,"8H157,8H158"
广东东博自动化设备有限公司,八号馆,"8H159,8H160"
常州市益民干燥设备有限公司,八号馆,8H161
苏州引特除湿工程有限公司,八号馆,8H162
特夫洛（无锡）泵业有限公司,八号馆,8H163
咸阳蓝光热工科技有限公司,八号馆,8H164
浙江双元科技开发有限公司,八号馆,8H165
成都德力斯实业有限公司,八号馆,8H166
惠州市鑫能自动化设备有限公司,八号馆,"8H17,8H18"
深圳市铂科新材料股份有限公司,八号馆,8H173
浙江杭可科技股份有限公司,八号馆,"8H174,8H175"
凯威科真空科技(深圳)有限公司,八号馆,"8H176,8H177"
北京机械工业自动化研究所,八号馆,8H178
昆山新莱洁净应用材料股份有限公司,八号馆,"8H179,8H180"
北京世迈腾科技有限公司,八号馆,8H181
江苏密友粉体新装备制造有限公司,八号馆,8H182
常州天马粉体科技有限公司,八号馆,"8H183,8H184"
广东欧格精机科技有限公司,八号馆,8H185
北京创意维思真空技术有限公司,八号馆,8H186
申克博士工业有限公司,八号馆,"8H187,8H188"
深圳市奥华激光科技有限公司,八号馆,"8H189,8H190"
深圳市华达兴机械设备有限公司,八号馆,"8H19,8H20,8H21"
深圳市众富诚自动化设备有限公司,八号馆,8H191
武汉楚天工业激光设备有限公司,八号馆,"8H192,8H193"
东莞市欣宝仪器有限公司,八号馆,8H194
北京雷克利达机电股份有限公司,八号馆,"8H195,8H196"
苏州东菱振动试验仪器有限公司,八号馆,"8H197,8H171,8H198,8H172"
深圳市带利达传动机械有限公司,八号馆,8H199
上海奥钛电子国际贸易有限公司,八号馆,8H200
钢研纳克检测技术有限公司,八号馆,"8H201,8H202"
百瑞空气处理设备(上海)有限公司,八号馆,"8H205,8H206"
广州鸿威达机点设备有限公司,八号馆,8H207
深圳市鑫精诚科技有限公司,八号馆,"8H208,8H209"
陕西浩合机械有限责任公司,八号馆,8H210
深圳市鑫嘉能科技有限公司,八号馆,"8H22,8H23"
江苏新江南炉业科技有限公司,八号馆,8H24
广州飞升精密设备有限公司,八号馆,8H25
广州市徐力电子科技有限公司,八号馆,8H26
深圳市威誉特通讯设备有限公司,八号馆,8H27
苏州莱福士真空设备有限公司,八号馆,8H28
深圳市兴合发齿轮机械有限公司,八号馆,8H29
南京博蕴通仪器科技有限公司,八号馆,8H30
上海用泰科贸有限公司,八号馆,8H31
株洲市欧华化工机械有限公司,八号馆,"8H32,8H33"
赣州科盈结构陶瓷有限公司,八号馆,"8H34,8H35"
深圳市科耐斯自动化设备有限公司,八号馆,8H36
英国富瑞曼科技有限公司,八号馆,8H37
江苏康泰尔高热制品有限公司,八号馆,8H38
东莞市琅驰机械设备有限公司,八号馆,8H39
瀚润特环保设备（苏州）有限公司,八号馆,8H40
山东金澳科技新材料有限公司,八号馆,8H41
无锡市轮特空气除湿设备有限公司,八号馆,8H42
深圳市天威赛利机电设备有限公司,八号馆,"8H43,8H44"
深圳市泰格达电子科技有限公司,八号馆,8H45
佛山市中聚金属有限公司,八号馆,8H46
安徽金源合金刀具有限公司,八号馆,8H47
浙江兴盛机械有限公司,八号馆,8H48
深圳市精诚信五金机械有限公司,八号馆,"8H49,8H50"
广州望科自动化设备有限公司,八号馆,8H51
深圳亿昇达智能设备有限公司,八号馆,"8H52,8H53,8H54,8H55,8H56"
深圳市博旭科技有限公司,八号馆,"8H57,8h58"
佛山市优霸机械设备有限公司,八号馆,"8H59,8H60"
比勒(上海)自动化技术有限公司,八号馆,"8H61,8H62"
深圳悦动力机电科技限公司,八号馆,"8H64,8H63"
东莞阿李自动化股份有限公司,八号馆,8H65
佛山市三水盈创科技有限公司,八号馆,"8H66,8H67"
深圳市艾兰特科技有限公司,八号馆,"8H68,8H69"
洛阳启星技术开发有限公司,八号馆,8H70
深圳市梯比艾科技有限公司,八号馆,8H71
纪州喷码技术（上海）有限公司,八号馆,8H72
无锡市佳宜乐斯纳米技术有限公司,八号馆,"8H73,8H74"
上海细创粉体装备有限公司,八号馆,8H75
佛山市高明星诺机械设备有限公司,八号馆,"8H76,8H77"
张家港白熊科美机械有限公司,八号馆,"8H78,8H79"
深圳市协宏机械有限公司,八号馆,8H80
苏州松远环保科技有限公司,八号馆,8H81
深圳市泰迡斯超声波设备有限公司,八号馆,8H82
广州创特技术有限公司,八号馆,"8H83,8H84"
北京康迪斯人工环境设备有限公司,八号馆,"8H85,8H86"
泰州市旺龙机械有限公司,八号馆,8H87
东莞市亿富机械科技有限公司,八号馆,"8H88,8H89"
厦门力和行光电技术有限公司,八号馆,8H90
东莞市骏誉自动化设备有限公司,八号馆,"8H91,8H92"
东莞市中锂自动化设备有限公司,八号馆,8H93
上海蓬渤机电设备有限公司,八号馆,"8H94,8H95"
广州市科唯仪器有限公司,八号馆,8H96
广州泓淮能源科技有限公司,八号馆,8H97
苏州元泰自动化科技有限公司,八号馆,8H98
深圳市瑞佳达科技有限公司,八号馆,"8H99,8H100,8H101,8H102"
武汉锂鑫自动化科技有限公司,八号馆,8T01
深圳市博亿化工机械有限公司,八号馆,8T02
东莞市安聚信机电科技有限公司,八号馆,8T03
常州市苏力干燥设备有限公司,八号馆,8T04
东莞市普华精密机械有限公司,八号馆,8T05
中电科二十二所（青岛）天博信息科技公司,八号馆,8T06
宜兴市惠华复合材料有限公司,八号馆,8T07
深圳市博发电子科技有限公司,八号馆,8T08
广州市冠宇机械有限公司,八号馆,8T09
深圳博立特自动化设备有限公司,八号馆,8T10
上海多乐空气处理设备有限公司,八号馆,8T11
无锡市阳光干燥设备有限公司,八号馆,8T12
北京长峰金鼎科技有限公司,八号馆,8T13
上海储融检测技术股份有限公司,八号馆,8T14
东莞市搏信智能控制技术有限公司,八号馆,8T15
双龙集团有限公司,八号馆,8T16
惠州亿恒特自动化科技有限公司,八号馆,8T17
福州福尔流体设备有限公司,八号馆,8T18
迪思特空气处理设备(常熟)有限公司,八号馆,8T19
北京商驰科技发展有限公司,八号馆,8T20
上海儒佳机电科技有限公司,八号馆,8T21
浙江飞越机电有限公司,八号馆,8T22
东莞市琅菱机械有限公司,八号馆,8T24
浙江金琨锆业有限公司,八号馆,8T25
深圳市长泩科技有限公司,八号馆,8T26-1
广东东方锆业科技股份有限公司,八号馆,8T26-2
东莞市宏文机械科技有限公司,八号馆,8T27
深圳市威宝荣电子科技有限公司,九号馆,9F01
芬兰ACA系统有限公司北京代表处,九号馆,9F02
东莞市盟昌精密设备有限公司,九号馆,"9F03,9F04,9F05"
东莞市高鑫检测设备有限公司,九号馆,"9F06,9F07"
常州自力化工机械有限公司,九号馆,9F08
贝士德仪器科技（北京）有限公司,九号馆,"9F10,9F09"
美国必测公司,九号馆,9F100
江苏宇通干燥工程有限公司,九号馆,9F101
宜兴市鑫瓷科技有限公司,九号馆,9F102
麦克默瑞提克(上海)仪器有限公司,九号馆,9F11
丹东百特仪器有限公司,九号馆,"9F12,9F13"
上海纳维加特机电科技有限公司,九号馆,9F14
吴江市上新电器有限公司,九号馆,"9F15,9F16"
无锡赫普轻工设备技术有限公司,九号馆,"9F17,9F18"
SGS通标标准技术服务有限公司,九号馆,9F19
青岛中科华联新材料有限公司,九号馆,"9F20,9F21"
北京金埃谱科技有限公司,九号馆,9F22
四川神工钨钢刀具有限公司,九号馆,9F23
深圳市爱博科技有限公司,九号馆,"9F24,9F25"
深圳市辉腾创新科技有限公司,九号馆,9F26
保定金阳光能源装备科技有限公司,九号馆,9F27
康塔克默仪器贸易（上海）有限公司,九号馆,"9F28,9F29"
香港宝龙科技国际有限公司,九号馆,"9F30,9F31"
深圳市精捷能电子有限公司,九号馆,"9F33,9F32"
上海凯多机电设备有限公司,九号馆,"9F34,9F35"
必能信超声(上海)有限公司,九号馆,"9F36,9F37"
长兴大宇科机电有限公司,九号馆,9F38
美德通用科机械厂,九号馆,9F39
钛玛科(北京)工业科技有限公司,九号馆,"9F41,9F40"
南京九门自控技术有限公司,九号馆,9F42
深圳海拓尔自动化技术有限公司,九号馆,9F43
深圳市博纳普自动化科技有限公司,九号馆,9F44
上海镭德杰喷码技术有限公司,九号馆,9F45
深圳晶福源科技股份有限公司,九号馆,9F46
东莞市盈之宝电子科技有限公司,九号馆,9F47
深圳市迪斯普设备有限公司,九号馆,"9F48,9F49"
澳蓝(福建)实业有限公司,九号馆,"9F50,9F51"
广州市斯特焊接设备有限公司,九号馆,"9F52,9F53"
广州市辉泉喷码设备有限公司,九号馆,9F54
无锡锂一自动化科技有限公司,九号馆,"9F55,9F56"
昆山威斯利工业刀片有限公司,九号馆,"9F57,9F58"
安徽皖仪科技股份有限公司,九号馆,9F59
南京德森特精密刀具有限公司,九号馆,9F60
优尼恩电机(大连)有限公司,九号馆,"9F61,9F62"
哈尔滨威星动力电源科技开发有限责任,九号馆,9F63
深圳市瑞昇新能源科技有限公司,九号馆,9F64
深圳市旭合盛科技有限公司,九号馆,"9F65,9F66"
广州市腾惠超声波技术有限公司,九号馆,"9F67,9F68"
北京精微高博科学技术有限公司,九号馆,9F69
深圳市衡通伟业科技仪器有限公司,九号馆,9F70
深圳市永佳喷码设备有限公司,九号馆,"9F71,9F72"
泰索迡克超声波设备(上海)有限公司,九号馆,"9F73,9F74"
上海骄成机电设备有限公司,九号馆,"9F75,9F76"
广东高新凯特精密机械股份有限公司,九号馆,"9F77,9F78"
江苏安普克科技有限公司,九号馆,9F79
深圳市怡华新电子有限公司,九号馆,9F80
北京曌越东方科技有限公司,九号馆,9F81
广州市鑫风风机有限公司,九号馆,"9F82,9F83"
镇江市天创自动化科技有限公司,九号馆,"9F84,9F85"
深圳市龙创华宇科技有限公司,九号馆,9F86
上海大川原干燥设备有限公司,九号馆,"9F87,9F88"
维萨拉(北京)测量技术有限公司,九号馆,9F89
新乡市振英机械设备有限公司,九号馆,9F90
广州泰因姆电子设备有限公司,九号馆,9F91
张家港市日新机电有限公司,九号馆,9F92
青岛美凯麟科技有限公司,九号馆,"9F93,9F94"
香港镭射科技有限公司,九号馆,9F95
深圳市丰达电池配件有限公司,九号馆,9F96
美国阿滨公司,九号馆,"9F97,9F98"
德国玛诺有限公司,九号馆,9F99
派依克节能设备(上海)有限公司,九号馆,9T01
天津市飞云粉体设备有限公司,九号馆,9T02
深圳市日联科技有限公司,九号馆,9T03
北京天利流程技术有限公司,九号馆,9T04
广州市晨威电子科技有限公司,九号馆,9T05
广西凯力福科技有限公司,九号馆,9T06
中茂电子(深圳)有限公司,九号馆,9T07
东莞汇乐环保股份有限公司,九号馆,9T08
深圳市格林晟科技有限公司,九号馆,9T09
广州市科普超声电子技术有限公司,九号馆,9T10
东莞贝尔试验设备有限公司,九号馆,9T11
东莞市斯宇自动化设备有限公司,九号馆,9T12
广州方驰电子有限公司,九号馆,9T13
深圳市典名科技有限公司,九号馆,9T14
东莞市荣恒机械科技有限公司,九号馆,9T15
江苏锦明工业机器人自动化有限公司,九号馆,9T16
广东三木科技有限公司,九号馆,9T17
江门坚美实业有限公司,九号馆,9T18
广州番中电气设备有限公司,九号馆,9T19
惠州市欧瑞动力自动化科技有限公司,九号馆,9T20
安徽兴锂新能源有限公司,九号馆,9T21-1
紫田机械（上海）有限公司,九号馆,9T21-2
东莞市亿鑫丰精密机械设备科技有限公司,九号馆,9T22
广东正业科技股份有限公司,九号馆,9T23
广州红运混合设备有限公司,九号馆,9T24
常州恒锌禹晟机械有限公司,九号馆,9T25-1
浙江亿太诺气动科技有限公司,九号馆,9T25-2
惠州市威德盛科技有限公司,九号馆,9T26
武汉逸飞激光设备有限公司,九号馆,9T27
深圳市尚水智能设备有限公司,九号馆,9T28-1
韶关市曲江天瑞德化工有限公司,九号馆,9T28-2
广州市威亦旺电子有限公司,九号馆,9T29-1
江苏惠瑞净化空调工程有限公司,九号馆,9T29-2
无锡先导智能装备股份有限公司,九号馆,9T30
深圳市光大激光科技股份有限公司,九号馆,9T31
深圳市中天和自动化设备有限公司,九号馆,9T32-1
无锡市联众控湿节能设备有限公司,九号馆,9T32-2
广州市新栋力超声电子设备有限公司,九号馆,9T33
江苏三环实业股份有限公司,九号馆,9T34
吴江市金晓空调净化有限公司,九号馆,9T35
珠海华冠电子科技有限公司,九号馆,9T36
吴江市松陵电器设备有限公司,九号馆,9T37
软控股份有限公司,九号馆,9T38
人科机械设备（陕西）有限公司,九号馆,9T39
杭州普瑞除湿设备有限公司,九号馆,9T40
江苏金帆展宇新能源科技有限公司,九号馆,"9T41,9T42"
东莞市优睿特自动化设备有限公司,九号馆,9T43
广州森弘电气机械有限公司,九号馆,9T43-2
深圳市精实机电科技有限公司,九号馆,9T44
深圳海裕百特轧制设备有限公司,九号馆,9T45
上海大族新能源科技有限公司/大族激光科技产业集团股份有限公司,九号馆,9T46
苏州迅镭激光科技有限公司,九号馆,9T47
北京皓瑞凯科技有限公司,九号馆,9T48-1
苏州微格纳米科技有限公司,九号馆,9T48-2
广东海中新能源设备股份有限公司,九号馆,9T49
东莞市兰宇机械有限公司,九号馆,9T50
深圳市时代高科技设备股份有限公司,九号馆,9T51
惠州市卓特自动化科技有限公司,九号馆,9T52
邢台朝阳机械制造有限公司,九号馆,9T53
南通天丰电子新材料有限公司,九号馆,9T54
东莞市天蓝智能装备有限公司,九号馆,9T55
东莞市蝶凯机电轴承有限公司,九号馆,9T56
柳州市豪杰特化工机械有限责任公司,九号馆,9T57
深圳市联赢激光股份有限公司,九号馆,9T58-1
杭州福达除湿设备有限公司,九号馆,9T58-2
佛山市顺德区楚鑫机电有限公司,九号馆,9T59-1
深圳泰德激光科技有限公司,九号馆,9T59-2
宁波拜特测控技术有限公司,九号馆,9T60
深圳市科晶智达科技有限公司,九号馆,9T61
中山汉通激光设备有限公司,九号馆,9T62
江苏南大紫金锂电智能装备有限公司,九号馆,9T63
珠海泰坦新动力电子有限公司,九号馆,9T64
深圳市瑞能实业股份有限公司,九号馆,9T65
库卡工业,九号馆,9T66
罗斯(无锡)设备有限公司,九号馆,9T67
宜兴市宏达通用设备有限公司,九号馆,9T68
武汉深蓝自动化设备股份有限公司,九号馆,9T69
杭州大华工控技术有限公司,九号馆,9T70
浙江万好万家机械有限公司,九号馆,9T71
台杏贸易(上海)有限公司,九号馆,9T72
无锡奥波净化除湿空调有限公司,九号馆,9T73
广州市易鸿机械制造有限公司,九号馆,9T74
潍坊埃尔派粉体技术设备有限公司,九号馆,9T75
深圳市铭镭激光设备有限公司,九号馆,9T76
上海威泽尔机械设备制造有限公司,九号馆,9T77
深圳市超思思科技有限公司,九号馆,9T78
深圳市大成精密设备有限公司,九号馆,9T79
